<?xml version="1.0" encoding="UTF-8"?>
<!DOCTYPE hibernate-mapping PUBLIC 
"-//Hibernate/Hibernate Mapping DTD 3.0//EN"
"http://hibernate.sourceforge.net/hibernate-mapping-3.0.dtd">

<hibernate-mapping>
    <class name="com.pack.model.Book" table="books">
        <id name="id" type="int" column="bookid">
            <generator class="increment" />
        </id>
        <property name="title">
            <column name="btitle" />
        </property>
        <property name="author">
            <column name="bauthor" />
        </property>
      </class>
</hibernate-mapping>